Stations_id,von,bis,hoehe,geoBreite,geoLaenge,Stationsname,Bundesland,Landkreis
3,19930429,20110331,202,50.7827,6.0941,Aachen,Nordrhein-Westfalen,Städteregion Aachen
44,20070209,20210308,44,52.9336,8.237,Großenkneten,Niedersachsen,Landkreis Oldenburg
71,20091201,20191231,759,48.2156,8.9784,Albstadt-Badkap,Baden-Württemberg,Zollernalbkreis
73,20070214,20210308,340,48.6159,13.0506,Aldersbach-Kriestorf,Bayern,Landkreis Passau
78,20041011,20210308,65,52.4853,7.9126,Alfhausen,Niedersachsen,Landkreis Osnabrück
91,20020820,20210308,300,50.7446,9.345,Alsfeld-Eifa,Hessen,Vogelsbergkreis
96,20190410,20210307,50,52.9437,12.8518,Neuruppin-Alt Ruppin,Brandenburg,Ostprignitz-Ruppin
131,20041101,20210307,296,51.0881,12.9326,Geringswalde-Altgeringswalde,Sachsen,Mittelsachsen
142,20051026,20210308,511,48.406,11.3117,Altomünster-Maisbrunn,Bayern,Landkreis Dachau
150,20050701,20210308,215,49.7273,8.1164,Alzey,Rheinland-Pfalz,Landkreis Alzey-Worms
151,20041124,20210308,382,49.4691,11.8546,Amberg-Unterammersricht,Bayern,Amberg
154,20050113,20210307,516,48.0197,12.2925,Amerang-Pfaffing,Bayern,Landkreis Rosenheim
161,20110901,20210307,75,50.4237,7.4202,Andernach,Rheinland-Pfalz,Landkreis Mayen-Koblenz
164,19911102,20210307,54,53.0316,13.9908,Angermünde,Brandenburg,Uckermark
167,20040901,20210308,9,53.8412,13.6846,Anklam,Mecklenburg-Vorpommern,Vorpommern-Greifswald
183,19911102,20210307,42,54.6791,13.4344,Arkona,Mecklenburg-Vorpommern,Vorpommern-Rügen
191,20041104,20210308,217,49.9694,9.9114,Arnstein-Müdesheim,Bayern,Landkreis Main-Spessart
198,19911108,20210307,164,51.3744,11.292,Artern,Thüringen,Kyffhäuserkreis
217,20041117,20210308,670,47.8774,11.3643,Attenkam,Bayern,Landkreis Bad Tölz-Wolfratshausen
222,19911102,20210308,393,50.5908,12.7139,Aue,Sachsen,Erzgebirgskreis
232,19961108,20210307,462,48.4253,10.9417,Augsburg,Bayern,Landkreis Aichach-Friedberg
257,20020909,20210308,240,48.727,8.2457,Baden-Baden-Geroldsau,Baden-Württemberg,Baden-Baden
259,20040701,20210308,275,47.8064,7.6387,Müllheim,Baden-Württemberg,Landkreis Breisgau-Hochschwarzwald
282,19950601,20210307,240,49.8743,10.9206,Bamberg,Bayern,Bamberg
294,20040423,20210308,110,52.3199,9.43,Barsinghausen-Hohenbostel,Niedersachsen,Region Hannover
298,19911101,20210307,3,54.3405,12.7108,Barth,Mecklenburg-Vorpommern,Vorpommern-Rügen
303,19980101,20210307,55,52.0613,13.4997,Baruth,Brandenburg,Teltow-Fläming
314,20030714,20210308,234,51.1604,14.5042,"Kubschütz, Kr. Bautzen",Sachsen,Bautzen
320,20060511,20210308,350,49.9667,11.5197,Heinersreuth-Vollhof,Bayern,Landkreis Bayreuth
326,20040701,20130708,120,51.7204,8.0577,Beckum-Unterberg,Nordrhein-Westfalen,Kreis Warendorf
330,20040609,20210307,455,49.5617,8.9673,Oberzent-Beerfelden,Hessen,Odenwaldkreis
342,20101202,20210307,103,52.317,8.1694,Belm,Niedersachsen,Landkreis Osnabrück
348,19910102,20110831,127,50.4135,7.5886,Bendorf,Rheinland-Pfalz,Landkreis Mayen-Koblenz
377,20041001,20210308,210,49.107,7.9967,"Bergzabern, Bad",Rheinland-Pfalz,Landkreis Südliche Weinstraße
379,20170901,20210308,303,50.9074,11.2665,"Berka, Bad (Flugplatz)",Thüringen,Landkreis Weimarer Land
390,20030123,20210308,610,50.9837,8.3683,"Berleburg, Bad-Stünzel",Nordrhein-Westfalen,Kreis Siegen-Wittgenstein
399,19911102,20150630,36,52.5198,13.4057,Berlin-Alexanderplatz,Berlin,Berlin
400,20030610,20210308,60,52.6309,13.5022,Berlin-Buch,Berlin,Berlin
410,20030807,20200616,33,52.404,13.7309,Berlin-Kaniswall,Berlin,Berlin
420,20070801,20210308,60,52.5447,13.5598,Berlin-Marzahn,Berlin,Berlin
427,19911102,20210307,46,52.3807,13.5306,Berlin Brandenburg,Brandenburg,Dahme-Spreewald
430,19941223,20210308,36,52.5644,13.3088,Berlin-Tegel,Berlin,Berlin
433,19950601,20210307,48,52.4675,13.4021,Berlin-Tempelhof,Berlin,Berlin
445,20030528,20210308,85,51.8218,11.711,Bernburg/Saale (Nord),Sachsen-Anhalt,Salzlandkreis
450,20050921,20121204,120,49.9186,7.0664,Bernkastel-Kues,Rheinland-Pfalz,Landkreis Bernkastel-Wittlich
460,19931001,20210307,363,49.2641,6.6868,Berus,Saarland,Landkreis Saarlouis
535,20030701,20210308,417,50.0372,7.3079,Blankenrath,Rheinland-Pfalz,Landkreis Cochem-Zell
554,19940526,20060228,23,51.8293,6.5365,Bocholt-Liedern (Wasserwerk),Nordrhein-Westfalen,Kreis Borken
555,20080101,20181101,101,51.4789,7.2697,Bochum,Nordrhein-Westfalen,Bochum-Ost
591,19911101,20210307,45,53.3911,10.6878,Boizenburg,Mecklenburg-Vorpommern,Ludwigslust-Parchim
596,19911107,20210307,15,54.0027,11.1908,Boltenhagen,Mecklenburg-Vorpommern,Nordwestmecklenburg
603,20071026,20210307,147,50.7293,7.204,Königswinter-Heiderhof,Nordrhein-Westfalen,Rhein-Sieg-Kreis
617,20040601,20210308,47,51.873,6.8863,Borken in Westfalen,Nordrhein-Westfalen,Kreis Borken
656,19910815,20210307,607,51.7234,10.6021,Braunlage,Niedersachsen,Landkreis Goslar
662,19970702,20210307,81,52.2915,10.4464,Braunschweig,Niedersachsen,Braunschweig
691,19910620,20210307,4,53.045,8.7979,Bremen,Bremen,Bremen
701,19971120,20210307,7,53.5332,8.5761,Bremerhaven,Bremen,Bremen
704,20020717,20210307,11,53.4451,9.139,Bremervörde,Niedersachsen,Landkreis Rotenburg (Wümme)
722,19970605,20210307,1135,51.7986,10.6183,Brocken,Sachsen-Anhalt,Landkreis Harz
755,20040324,20210308,340,49.5182,9.3213,"Buchen, Kr. Neckar-Odenwald",Baden-Württemberg,Neckar-Odenwald-Kreis
757,20030326,20210308,445,47.9625,7.9983,Buchenbach,Baden-Württemberg,Landkreis Breisgau-Hochschwarzwald
760,20171201,20210308,82,53.3629,9.9435,Rosengarten-Klecken,Niedersachsen,Harburg
817,20040927,20210308,293,51.0306,8.8146,Burgwald-Bottendorf,Hessen,Landkreis Waldeck-Frankenberg
840,19911108,20210307,897,50.4313,12.6114,Carlsfeld,Sachsen,Erzgebirgskreis
850,20080814,20150630,39,52.5959,10.0296,Celle,Niedersachsen,Landkreis Celle
853,19911107,20210307,418,50.7913,12.872,Chemnitz,Sachsen,Chemnitz
856,20030501,20210307,551,47.8843,12.5404,Chieming,Bayern,Landkreis Traunstein
863,20070912,20120331,585,51.7904,10.347,Clausthal-Zellerfeld,Niedersachsen,Landkreis Goslar
867,19920215,20210307,344,50.3066,10.9679,Lautertal-Oberlauter,Bayern,Landkreis Coburg
880,19911101,20210307,69,51.776,14.3168,Cottbus,Brandenburg,Cottbus - Chóśebuz
891,19990429,20210307,5,53.8713,8.7058,Cuxhaven,Niedersachsen,Landkreis Cuxhaven
896,20030611,20210308,170,51.0778,10.8619,Dachwig,Thüringen,Landkreis Gotha
917,20040713,20210308,162,49.8809,8.6779,Darmstadt,Hessen,Darmstadt
953,19970731,20210307,481,49.7619,7.0542,Deuselbach,Rheinland-Pfalz,Landkreis Bernkastel-Wittlich
963,19960614,20210307,38,52.5881,8.3424,Diepholz,Niedersachsen,Landkreis Diepholz
979,20030708,20210308,314,50.7364,8.2672,Dillenburg,Hessen,Lahn-Dill-Kreis
983,20061201,20210308,419,48.5562,10.5599,Dillingen/Donau-Fristingen,Bayern,Landkreis Dillingen an der Donau
991,20040913,20210308,359,50.9116,13.7087,Dippoldiswalde-Reinberg,Sachsen,Sächsische Schweiz-Osterzgebirge
1001,19911107,20210307,97,51.6451,13.5747,Doberlug-Kirchhain,Brandenburg,Elbe-Elster
1048,19911122,20210307,227,51.128,13.7543,Dresden-Klotzsche,Sachsen,Dresden
1050,20050810,20210308,112,51.0221,13.847,Dresden-Hosterwitz,Sachsen,Dresden
1051,20070301,20210308,120,51.0248,13.775,Dresden-Strehlen,Sachsen,Dresden
1052,20030317,20210308,80,52.2174,12.1641,Drewitz bei Burg,Sachsen-Anhalt,Jerichower Land
1072,20040506,20210307,107,49.4719,8.1929,"Dürkheim, Bad",Rheinland-Pfalz,Landkreis Bad Dürkheim
1078,19920913,20210307,37,51.296,6.7686,Düsseldorf,Nordrhein-Westfalen,Düsseldorf
1103,20061001,20210308,592,48.1003,11.9872,Ebersberg-Halbing,Bayern,Landkreis Ebersberg
1107,20041007,20210308,346,49.852,10.4991,Ebrach,Bayern,Landkreis Bamberg
1161,20050201,20210308,384,48.8777,11.2349,Eichstätt-Landershofen,Bayern,Landkreis Eichstätt
1197,20020830,20210308,460,48.9895,10.1312,Ellwangen-Rindelbach,Baden-Württemberg,Ostalbkreis
1200,20051125,20210307,3,54.0691,9.0105,Elpersbüttel,Schleswig-Holstein,Dithmarschen
1207,20060301,20210308,558,50.2705,12.2742,"Elster, Bad-Sohl",Sachsen,Vogtlandkreis
1214,20040801,20210308,431,48.2012,8.1088,Elzach-Fisnacht,Baden-Württemberg,Landkreis Emmendingen
1219,19930101,19970630,5,53.3449,7.1909,Emden-Nesserland,Niedersachsen,Emden
1224,20021030,20210308,201,48.1378,7.8351,Emmendingen-Mundingen,Baden-Württemberg,Landkreis Emmendingen
1239,20040701,20080923,540,47.8516,8.7673,Engen/Hegau,Baden-Württemberg,Landkreis Konstanz
1246,20150801,20210308,104,51.8418,8.0607,Ennigerloh-Ostenfelde,Nordrhein-Westfalen,Kreis Warendorf
1255,20021201,20181231,220,49.1664,8.8523,Eppingen-Elsenz,Baden-Württemberg,Landkreis Heilbronn
1262,19920520,20210308,446,48.3477,11.8134,München-Flughafen,Bayern,Landkreis Erding
1266,20030912,20210308,18,54.2992,9.3162,Erfde,Schleswig-Holstein,Schleswig-Flensburg
1270,19911105,20210307,316,50.9829,10.9608,Erfurt-Weimar,Thüringen,Erfurt
1279,20060504,20210307,268,49.6497,11.0074,Möhrendorf-Kleinseebach,Bayern,Landkreis Erlangen-Höchstadt
1297,20040407,20210308,156,51.2041,10.0138,Eschwege,Hessen,Werra-Meißner-Kreis
1300,20040601,20210308,351,51.254,8.1565,Eslohe,Nordrhein-Westfalen,Hochsauerlandkreis
1303,19940504,20210307,150,51.4041,6.9677,Essen-Bredeney,Nordrhein-Westfalen,Essen
1327,20040801,20210308,147,50.7119,6.7905,Weilerswist-Lommersum,Nordrhein-Westfalen,Kreis Euskirchen
1332,20041209,20210308,471,48.4832,12.7241,"Falkenberg,Kr.Rottal-Inn",Bayern,Landkreis Rottal-Inn
1346,19951027,20210307,1490,47.8749,8.0038,Feldberg/Schwarzwald,Baden-Württemberg,Landkreis Breisgau-Hochschwarzwald
1357,20041202,20210307,655,49.9807,11.8376,Fichtelberg/Oberfranken-Hüttstadl,Bayern,Landkreis Bayreuth
1358,19911112,20210307,1213,50.4283,12.9536,Fichtelberg,Sachsen,Erzgebirgskreis
1411,20070101,20210308,745,50.5309,10.048,Birx/Rhön,Thüringen,Landkreis Schmalkalden-Meiningen
1420,19930305,20210307,100,50.0259,8.5213,Frankfurt/Main,Hessen,Kreis Groß-Gerau
1424,20080624,20210308,124,50.1269,8.6694,Frankfurt/Main-Westend,Hessen,Frankfurt am Main
1443,19940427,20210307,237,48.0232,7.8343,Freiburg,Baden-Württemberg,Freiburg im Breisgau
1451,20030516,20210308,2,53.8277,9.2493,Freiburg/Elbe,Niedersachsen,Stade
1468,19910102,20210307,797,48.4538,8.409,Freudenstadt,Baden-Württemberg,Landkreis Freudenstadt
1473,20060101,20190228,414,49.1869,11.308,Freystadt-Michelbach,Bayern,Landkreis Neumarkt in der Oberpfalz
1503,20121001,20210307,6,53.0643,7.9022,Friesoythe-Altenoythe,Niedersachsen,Landkreis Cloppenburg
1526,20040914,20210307,242,50.5668,9.6533,Fulda-Horas,Hessen,Landkreis Fulda
1544,19911102,20210307,47,52.5129,11.3942,Gardelegen,Sachsen-Anhalt,Altmarkkreis Salzwedel
1550,19910102,20210307,719,47.483,11.0621,Garmisch-Partenkirchen,Bayern,Landkreis Garmisch-Partenkirchen
1580,19970101,20210307,110,49.9859,7.9548,Geisenheim,Hessen,Rheingau-Taunus-Kreis
1584,20090601,20210308,672,47.9242,8.6473,Geisingen,Baden-Württemberg,Landkreis Tuttlingen
1587,20031210,20210307,536,48.9481,11.4289,Gelbelsee,Bayern,Landkreis Eichstätt
1590,20021023,20210308,37,51.4942,6.2463,Geldern-Walbeck,Nordrhein-Westfalen,Kreis Kleve
1602,20040701,20210308,177,48.433,7.993,Ohlsbach,Baden-Württemberg,Ortenaukreis
1605,19911106,20210307,35,52.3875,12.1602,Genthin,Sachsen-Anhalt,Jerichower Land
1612,19911107,20210307,311,50.8813,12.1289,Gera-Leumnitz,Thüringen,Gera
1639,19961011,20210307,203,50.6017,8.6439,Gießen/Wettenberg,Hessen,Landkreis Gießen
1645,20020820,20210308,340,50.9656,9.05,Gilserberg-Moischeid,Hessen,Schwalm-Eder-Kreis
1684,19911102,20210307,238,51.1622,14.9506,Görlitz,Sachsen,Görlitz
1691,19931110,20210307,167,51.5002,9.9507,Göttingen,Niedersachsen,Landkreis Göttingen
1694,19911107,20210307,58,53.6058,12.1034,Goldberg,Mecklenburg-Vorpommern,Ludwigslust-Parchim
1721,20060822,20210308,506,49.664,11.2239,Gräfenberg-Kasberg,Bayern,Landkreis Forchheim
1735,20041213,20210307,628,48.7894,13.629,Grainet-Rehberg,Bayern,Landkreis Freyung-Grafenau
1736,20011102,20210308,27,53.5731,10.6797,Grambek,Schleswig-Holstein,Herzogtum Lauenburg
1757,19911102,20210307,2,54.0967,13.4056,Greifswald,Mecklenburg-Vorpommern,Vorpommern-Greifswald
1759,20001026,20210307,12,54.2437,13.9102,Greifswalder Oie,Mecklenburg-Vorpommern,Vorpommern-Greifswald
1766,19950705,20210307,48,52.1344,7.6969,Münster/Osnabrück,Nordrhein-Westfalen,Kreis Steinfurt
1792,20200814,20210307,27,52.7553,7.4815,Groß Berßen,Niedersachsen,Landkreis Emsland
1803,20040831,20210308,34,54.0714,12.3238,Groß Lüsewitz,Mecklenburg-Vorpommern,Landkreis Rostock
1832,19980226,20210307,1436,49.1129,13.1338,Großer Arber,Bayern,Landkreis Regen
1863,20071201,20210308,258,50.2667,9.1854,Gründau-Breitenborn,Hessen,Main-Kinzig-Kreis
1869,19911102,20210307,56,53.3153,13.9338,Grünow,Brandenburg,Uckermark
1886,20160901,20210307,444,48.4878,10.2608,Günzburg,Bayern,Landkreis Günzburg
1957,19911101,20150323,93,51.5138,11.9499,Halle-Kröllwitz,Sachsen-Anhalt,Halle (Saale)
1964,20050501,20210308,328,49.9445,6.3821,Olsdorf,Rheinland-Pfalz,Eifelkreis Bitburg-Prüm
1975,19950829,20210307,14,53.6332,9.9881,Hamburg-Fuhlsbüttel,Hamburg,Hamburg
1981,20050215,20210308,3,53.4777,9.8957,Hamburg-Neuwiedenthal,Hamburg,Hamburg
2014,19920430,20210308,59,52.4644,9.6779,Hannover,Niedersachsen,Region Hannover
2023,20021114,20210307,501,48.7918,10.7062,Harburg,Bayern,Landkreis Donau-Ries
2039,20061031,20210308,201,51.9002,10.5699,"Harzburg, Bad",Niedersachsen,Landkreis Goslar
2044,19910115,20210307,404,51.652,11.1367,Harzgerode,Sachsen-Anhalt,Landkreis Harz
2074,20030630,20210307,518,48.3752,8.98,Hechingen,Baden-Württemberg,Zollernalbkreis
2080,20040309,20120912,110,49.4206,8.6676,Heidelberg,Baden-Württemberg,Heidelberg
2088,20030424,20050430,498,48.6765,10.1307,Heidenheim/Brenz,Baden-Württemberg,Landkreis Heidenheim
2110,20021024,20210308,57,51.0411,6.1042,Heinsberg-Schleiden,Nordrhein-Westfalen,Kreis Heinsberg
2115,19961220,20210307,4,54.175,7.892,Helgoland,Schleswig-Holstein,Pinneberg
2167,20041201,20120331,302,49.7672,7.3356,Niederwörresbach,Rheinland-Pfalz,Landkreis Birkenfeld
2171,19941221,20210307,272,50.852,9.7377,"Hersfeld, Bad",Hessen,Landkreis Hersfeld-Rotenburg
2174,20101101,20210308,238,51.6255,10.3695,Herzberg,Niedersachsen,Landkreis Göttingen
2201,20050601,20210308,1,54.575,13.1044,Hiddensee-Vitte,Mecklenburg-Vorpommern,Vorpommern-Rügen
2211,20030708,20210308,295,50.7371,7.6528,Hilgenroth,Rheinland-Pfalz,Landkreis Altenkirchen
2252,20050701,20210308,270,50.899,14.7457,Bertsdorf-Hörnitz,Sachsen,Görlitz
2261,19980212,20210307,565,50.3123,11.876,Hof,Bayern,Hof
2290,19931210,20210307,977,47.8009,11.0108,Hohenpeißenberg,Bayern,Landkreis Weilheim-Schongau
2306,20050706,20210308,8,54.3194,10.6732,Hohwacht,Schleswig-Holstein,Plön
2319,20050429,20210307,685,47.8823,11.6961,Holzkirchen,Bayern,Landkreis Miesbach
2323,20060701,20210308,110,51.8529,9.4953,"Bevern, Kr. Holzminden",Niedersachsen,Landkreis Holzminden
2362,20040801,20210307,328,50.5651,7.4843,Hümmerich,Rheinland-Pfalz,Landkreis Neuwied
2429,20030705,20210307,21,53.9897,9.5696,Itzehoe,Schleswig-Holstein,Steinburg
2444,20040512,20210308,155,50.9251,11.583,Jena (Sternwarte),Thüringen,Jena
2480,20040716,20210308,108,50.0643,8.993,Kahl/Main,Bayern,Landkreis Aschaffenburg
2483,19950804,20210307,839,51.1803,8.4891,Kahler Asten,Nordrhein-Westfalen,Hochsauerlandkreis
2485,20110501,20210307,489,48.917,9.6871,Kaisersbach-Cronhütte,Baden-Württemberg,Rems-Murr-Kreis
2486,20050301,20210308,271,49.4262,7.7557,Kaiserslautern,Rheinland-Pfalz,Kaiserslautern
2497,20030605,20210308,505,50.5014,6.5264,Kall-Sistig,Nordrhein-Westfalen,Kreis Euskirchen
2503,19911102,20030331,487,50.6266,10.1455,Kaltennordheim,Thüringen,Landkreis Schmalkalden-Meiningen
2522,19960725,20081031,112,49.0382,8.3641,Karlsruhe,Baden-Württemberg,Karlsruhe
2532,19990902,20131031,231,51.2963,9.4424,Kassel,Hessen,Niestetal
2542,20021204,20160331,716,47.8652,10.6007,Kaufbeuren,Bayern,Kaufbeuren
2559,19920430,20210307,705,47.7233,10.3348,Kempten,Bayern,Kempten (Allgäu)
2564,20130501,20210307,28,54.3776,10.1424,Kiel-Holtenau,Schleswig-Holstein,Rendsburg-Eckernförde
2575,20070522,20210307,432,49.1804,9.98,Kirchberg/Jagst-Herboldshausen,Baden-Württemberg,Landkreis Schwäbisch Hall
2578,20030723,20210307,12,53.9995,11.4341,Kirchdorf/Poel,Mecklenburg-Vorpommern,Nordwestmecklenburg
2597,19950602,20210307,282,50.224,10.0792,"Kissingen, Bad",Bayern,Landkreis Bad Kissingen
2600,20041103,20210308,193,49.7363,10.1781,Kitzingen,Bayern,Landkreis Kitzingen
2601,19921002,20210307,826,50.2218,8.4469,Kleiner Feldberg/Taunus,Hessen,Hochtaunuskreis
2618,20040811,20210308,732,50.8458,10.4803,Kleiner Inselsberg,Thüringen,Landkreis Gotha
2627,20030430,20210307,128,51.5554,13.8845,Klettwitz,Brandenburg,Oberspreewald-Lausitz
2629,20021023,20210308,46,51.7612,6.0954,Kleve,Nordrhein-Westfalen,Kreis Kleve
2638,19921106,20210307,974,48.1054,8.7548,Klippeneck,Baden-Württemberg,Landkreis Tuttlingen
2641,20040419,20210308,85,51.5185,12.9065,Klitzschen bei Torgau,Sachsen,Nordsachsen
2667,19931112,20210307,92,50.8646,7.1575,Köln-Bonn,Nordrhein-Westfalen,Rhein-Sieg-Kreis
2680,20050406,20210308,289,50.284,10.4456,"Königshofen, Bad",Bayern,Landkreis Rhön-Grabfeld
2700,20041025,20210307,416,48.8302,11.4872,Kösching,Bayern,Landkreis Eichstätt
2704,20030606,20210308,76,51.7511,12.0094,Köthen (Anhalt),Sachsen-Anhalt,Anhalt-Bitterfeld
2708,20060607,20210308,742,47.6652,11.0805,"Kohlgrub, Bad (Rosshof)",Bayern,Landkreis Garmisch-Partenkirchen
2712,19930813,20210307,428,47.6952,9.1307,Konstanz,Baden-Württemberg,Landkreis Konstanz
2750,20050801,20210308,310,50.2524,11.3209,Kronach,Bayern,Landkreis Kronach
2794,19920316,20210307,40,52.9363,12.4093,Kyritz,Brandenburg,Ostprignitz-Ruppin
2812,19960829,20210307,156,48.3647,7.828,Lahr,Baden-Württemberg,Ortenaukreis
2814,20020904,20210308,685,48.5121,9.7645,Merklingen,Baden-Württemberg,Alb-Donau-Kreis
2856,20030722,20210308,91,51.9173,13.0878,Langenlipsdorf,Brandenburg,Teltow-Fläming
2878,19930122,20210308,117,51.3909,11.8786,"Lauchstädt, Bad",Sachsen-Anhalt,Saalekreis
2907,19990202,20210307,7,54.7903,8.9514,Leck,Schleswig-Holstein,Nordfriesland
2925,19911104,20210307,356,51.3933,10.3123,Leinefelde,Thüringen,Landkreis Eichsfeld
2928,19970206,20210307,138,51.3151,12.4462,Leipzig-Holzhausen,Sachsen,Leipzig
2932,19911101,20210307,131,51.4348,12.2396,Leipzig/Halle,Sachsen,Nordsachsen
2947,20060831,20210308,286,51.1333,8.0348,Lennestadt-Theten,Nordrhein-Westfalen,Kreis Olpe
2951,20030305,20210307,20,53.1007,11.4864,Lenzen/Elbe,Brandenburg,Prignitz
2953,20070401,20210308,852,47.8597,8.2308,Lenzkirch-Ruhbühl,Baden-Württemberg,Landkreis Breisgau-Hochschwarzwald
2961,20180809,20210307,31,54.4996,10.2737,Leuchtturm Kiel,Schleswig-Holstein,Lotsenstation
2968,20081201,20210308,43,50.9894,6.9777,Köln-Stammheim,Nordrhein-Westfalen,Köln
2985,19911102,20210307,321,50.9383,14.2093,Lichtenhain-Mittelndorf,Sachsen,Sächsische Schweiz-Osterzgebirge
3015,19921107,20210307,98,52.2085,14.118,Lindenberg,Brandenburg,Oder-Spree
3023,19910102,20161231,22,52.5181,7.3081,Lingen,Niedersachsen,Landkreis Emsland
3028,19920806,20210307,157,51.7854,8.8388,"Lippspringe, Bad",Nordrhein-Westfalen,Kreis Paderborn
3031,20020920,20210307,92,51.6336,8.3945,Lippstadt-Bökenförde,Nordrhein-Westfalen,Kreis Soest
3032,19951202,20210307,25,55.011,8.4125,List auf Sylt,Schleswig-Holstein,Nordfriesland
3034,20061113,20210308,496,50.4505,11.635,"Lobenstein, Bad",Thüringen,Saale-Orla-Kreis
3042,20080423,20210307,230,50.5617,8.2386,Löhnberg-Obershausen,Hessen,Landkreis Limburg-Weilburg
3044,20070701,20180601,22,52.7198,7.7472,Löningen,Niedersachsen,Landkreis Cloppenburg
3083,20040930,20210308,57,51.9267,13.8797,Lübben-Blumenfelde,Brandenburg,Dahme-Spreewald
3086,19960702,20210307,15,53.8025,10.6989,Lübeck-Blankensee,Schleswig-Holstein,Lübeck
3093,19930923,20210307,16,52.9724,11.1374,Lüchow,Niedersachsen,Lüchow-Dannenberg
3098,19940101,20210307,387,51.2452,7.6425,Lüdenscheid,Nordrhein-Westfalen,Märkischer Kreis
3126,19911102,20210307,79,52.1029,11.5827,Magdeburg,Sachsen-Anhalt,Magdeburg
3137,20080228,20210308,195,49.9656,8.2139,Mainz-Lerchenberg (ZDF),Rheinland-Pfalz,Mainz
3147,20130901,20200802,418,48.7725,12.2179,Mallersdorf-Pfaffenberg/Niederbayern,Bayern,Landkreis Straubing-Bogen
3155,20030612,20210308,413,50.1015,6.8009,Manderscheid-Sonnenhof,Rheinland-Pfalz,Landkreis Vulkaneifel
3158,19911101,20210307,12,52.5468,14.5452,Manschnow,Brandenburg,Märkisch-Oderland
3164,20060701,20210308,187,50.8492,8.7746,"Cölbe, Kr. Marburg-Biedenkopf",Hessen,Landkreis Marburg-Biedenkopf
3166,19911103,20210307,639,50.651,13.1469,Marienberg,Sachsen,Erzgebirgskreis
3167,19990602,20210307,547,50.6621,7.9603,"Marienberg, Bad",Rheinland-Pfalz,Westerwaldkreis
3196,19920617,20210307,81,53.3223,11.9319,Marnitz,Mecklenburg-Vorpommern,Ludwigslust-Parchim
3204,20080530,20210307,429,50.7335,10.8815,Martinroda,Thüringen,Ilm-Kreis
3226,20060801,20210308,107,51.7259,11.5109,Aschersleben-Mehringen,Sachsen-Anhalt,Salzlandkreis
3231,19911102,20210307,450,50.5612,10.3771,Meiningen,Thüringen,Landkreis Schmalkalden-Meiningen
3234,20050201,20210308,158,51.1294,13.4328,Garsebach bei Meißen,Sachsen,Meißen
3244,20090720,20210308,615,47.982,10.1384,Memmingen,Bayern,Landkreis Unterallgäu
3257,20040429,20210308,250,49.4773,9.7622,"Mergentheim, Bad-Neunkirchen",Baden-Württemberg,Main-Tauber-Kreis
3268,20131001,20210307,900,48.1694,8.9433,Meßstetten-Appental,Baden-Württemberg,Zollernalbkreis
3271,20041013,20210308,314,48.8548,12.9189,Metten,Bayern,Landkreis Deggendorf
3278,20030101,20210308,354,48.5377,9.2734,Metzingen,Baden-Württemberg,Landkreis Reutlingen
3284,20050406,20210307,240,49.6691,9.0085,Michelstadt,Hessen,Odenwaldkreis
3287,19910102,20210307,453,49.7177,9.0997,Michelstadt-Vielbrunn,Hessen,Odenwaldkreis
3289,20041101,20210308,356,50.7281,11.7838,Schmieritz-Weltwitz,Thüringen,Saale-Orla-Kreis
3307,20080128,20210308,984,47.4779,11.2653,Mittenwald-Buckelwiesen,Bayern,Landkreis Garmisch-Partenkirchen
3319,20060901,20210308,239,49.7644,9.253,Röllbach,Bayern,Landkreis Miltenberg
3340,20050501,20210308,265,50.4383,7.8061,Montabaur,Rheinland-Pfalz,Westerwaldkreis
3348,20040421,20210308,240,51.7209,9.8352,Moringen-Lutterbeck,Niedersachsen,Landkreis Northeim
3362,20060621,20210307,243,48.9721,8.8735,Mühlacker,Baden-Württemberg,Enzkreis
3366,19890307,20210307,406,48.279,12.5024,Mühldorf,Bayern,Landkreis Mühldorf am Inn
3376,20031219,20210307,63,52.5176,14.1232,Müncheberg,Brandenburg,Märkisch-Oderland
3379,19970712,20210307,515,48.1632,11.5429,München-Stadt,Bayern,München
3402,20020904,20210308,750,48.3851,9.4837,Münsingen-Apfelstetten,Baden-Württemberg,Landkreis Reutlingen
3426,20021218,20210308,127,51.566,14.7008,"Muskau, Bad",Sachsen,Görlitz
3442,20041001,20210308,149,50.3574,8.7506,"Nauheim, Bad",Hessen,Wetteraukreis
3478,19911102,20050228,81,53.5468,13.1914,Neubrandenburg,Mecklenburg-Vorpommern,Mecklenburgische Seenplatte
3485,20041122,20210307,486,48.3115,10.3773,Neuburg/Kammel-Langenhaslach,Bayern,Landkreis Günzburg
3490,20030707,20210308,111,50.5346,7.0853,"Neuenahr, Bad-Ahrweiler",Rheinland-Pfalz,Landkreis Ahrweiler
3509,20041001,20210308,77,53.102,13.0421,Menz,Brandenburg,Oberhavel
3513,19911103,20210307,845,50.5002,11.1344,Neuhaus am Rennweg,Thüringen,Landkreis Sonneberg
3527,20030523,20210308,500,50.8923,9.405,Neukirchen-Hauptschwenda,Hessen,Schwalm-Eder-Kreis
3540,20040818,20210308,195,50.8446,7.372,Neunkirchen-Seelscheid-Krawinkel,Nordrhein-Westfalen,Rhein-Sieg-Kreis
3545,20050301,20210308,236,49.344,7.2297,Neunkirchen-Wellesweiler,Saarland,Landkreis Neunkirchen
3552,19911110,20190407,38,52.9037,12.8072,Neuruppin,Brandenburg,Ostprignitz-Ruppin
3571,20080301,20210307,452,49.8174,11.8638,Neustadt am Kulm-Filchendorf,Bayern,Landkreis Neustadt an der Waldnaab
3591,20030605,20210308,350,50.6743,6.424,Nideggen-Schmidt,Nordrhein-Westfalen,Kreis Düren
3612,20070222,20210307,25,52.6711,9.2229,Nienburg,Niedersachsen,Landkreis Nienburg/Weser
3621,20051109,20210308,435,48.8253,10.5067,Reimlingen,Bayern,Landkreis Donau-Ries
3631,19930915,20210307,12,53.7123,7.1519,Norderney,Niedersachsen,Landkreis Aurich
3660,19950601,20210307,485,50.3602,6.8697,Nürburg-Barweiler,Rheinland-Pfalz,Landkreis Ahrweiler
3667,20041123,20210308,368,49.4258,11.2538,Nürnberg-Netzstall,Bayern,Nürnberg
3668,19950808,20210307,314,49.503,11.0549,Nürnberg,Bayern,Nürnberg
3679,20061101,20210307,518,47.6187,12.1665,Kiefersfelden-Gach,Bayern,Landkreis Rosenheim
3730,19940731,20210307,806,47.3984,10.2759,Oberstdorf,Bayern,Landkreis Oberallgäu
3734,20040701,20210308,230,49.128,9.3525,Obersulm-Willsbach,Baden-Württemberg,Landkreis Heilbronn
3739,20050110,20210308,596,49.4521,12.4365,Oberviechtach,Bayern,Landkreis Schwandorf
3761,19920702,20210307,276,49.207,9.5176,Öhringen,Baden-Württemberg,Hohenlohekreis
3791,19981002,20120930,11,53.1763,8.1824,Oldenburg,Niedersachsen,Oldenburg
3811,19911107,20210307,150,51.296,13.0928,Oschatz,Sachsen,Nordsachsen
3815,19930102,20101130,95,52.2553,8.0534,Osnabrück,Niedersachsen,Osnabrück
3821,19911102,20210307,246,51.0873,11.9292,Osterfeld,Sachsen-Anhalt,Burgenlandkreis
3836,20060301,20210308,314,50.4538,10.2211,Ostheim v.d. Rhön,Bayern,Landkreis Rhön-Grabfeld
3857,20041118,20210308,886,47.6362,10.3892,Oy-Mittelberg-Petersthal,Bayern,Landkreis Oberallgäu
3875,20041015,20210308,549,49.151,11.6896,Parsberg/Oberpfalz-Eglwang,Bayern,Landkreis Neumarkt in der Oberpfalz
3897,20060804,20210307,2,54.0893,10.8773,Pelzerhaken,Schleswig-Holstein,Ostholstein
3904,20040901,20210308,152,49.5354,6.3789,Perl-Nennig,Saarland,Landkreis Merzig-Wadern
3925,20050901,20210308,332,48.9329,8.6973,Pforzheim-Ispringen,Baden-Württemberg,Enzkreis
3927,20040701,20210308,630,47.9345,9.2869,Pfullendorf,Baden-Württemberg,Landkreis Sigmaringen
3939,20041001,20210308,385,49.1912,7.5879,Pirmasens,Rheinland-Pfalz,Pirmasens
3946,19911102,20210301,386,50.4819,12.13,Plauen,Sachsen,Vogtlandkreis
3975,20050301,20210308,522,49.4777,11.5357,Pommelsbrunn-Mittelburg,Bayern,Landkreis Nürnberger Land
3987,19920817,20210307,81,52.3813,13.0622,Potsdam,Brandenburg,Potsdam
4024,19911102,20210307,40,54.3643,13.4771,Putbus,Mecklenburg-Vorpommern,Vorpommern-Rügen
4032,20061201,20210308,142,51.7953,11.132,Quedlinburg,Sachsen-Anhalt,Landkreis Harz
4036,20070117,20210308,204,51.3895,11.5412,Querfurt-Mühle Lodersleben,Sachsen-Anhalt,Saalekreis
4039,20030513,20210307,11,53.7331,9.8776,Quickborn,Schleswig-Holstein,Pinneberg
4063,20021022,20210308,41,52.4461,8.5906,Rahden-Kleinendorf,Nordrhein-Westfalen,Kreis Minden-Lübbecke
4094,20030717,20210308,440,47.8062,9.6206,"Weingarten, Kr. Ravensburg",Baden-Württemberg,Landkreis Ravensburg
4104,19940316,20210307,365,49.0425,12.1019,Regensburg,Bayern,Regensburg
4127,20050101,20210308,347,50.9906,7.6958,Reichshof-Eckenhagen,Nordrhein-Westfalen,Oberbergischer Kreis
4154,20110201,20180630,345,51.18,7.2505,Remscheid-Lennep,Nordrhein-Westfalen,Remscheid
4160,20040701,20210308,478,48.7425,8.924,Renningen-Ihinger Hof,Baden-Württemberg,Landkreis Böblingen
4169,20021023,20210308,131,48.6703,7.9939,Rheinau-Memprechtshofen,Baden-Württemberg,Ortenaukreis
4175,20030410,20210307,283,47.559,7.7721,Rheinfelden,Baden-Württemberg,Landkreis Lörrach
4177,20081101,20210307,116,48.9726,8.3301,Rheinstetten,Baden-Württemberg,Landkreis Karlsruhe
4189,20040801,20210308,533,48.1479,9.4596,"Altheim, Kreis Biberach",Baden-Württemberg,Landkreis Biberach
4261,20060208,20210308,442,47.8753,12.128,Rosenheim,Bayern,Rosenheim
4271,19911114,20210307,4,54.1803,12.0808,Rostock-Warnemünde,Mecklenburg-Vorpommern,Rostock
4275,20041201,20210308,32,53.1288,9.3398,Rotenburg (Wümme),Niedersachsen,Landkreis Rotenburg (Wümme)
4280,20131211,20210307,386,49.2162,11.1035,Roth,Bayern,Landkreis Roth
4287,20041006,20210308,415,49.3848,10.1732,Rothenburg ob der Tauber,Bayern,Landkreis Ansbach
4300,20021119,20210308,588,48.1814,8.6356,Rottweil,Baden-Württemberg,Landkreis Rottweil
4301,20040831,20210308,102,49.8502,7.871,"Kreuznach, Bad",Rheinland-Pfalz,Landkreis Bad Kreuznach
4323,20050209,20210308,461,49.6468,7.8837,Ruppertsecken,Rheinland-Pfalz,Donnersbergkreis
4336,19960621,20210307,320,49.2128,7.1077,Saarbrücken-Ensheim,Saarland,Regionalverband Saarbrücken
4349,20040311,20210308,248,48.9569,9.071,Sachsenheim,Baden-Württemberg,Landkreis Ludwigsburg
4354,20051130,20210308,457,48.7832,13.3146,Saldenburg-Entschenreuth,Bayern,Landkreis Freyung-Grafenau
4371,19920604,20210307,135,52.1042,8.7521,"Salzuflen, Bad",Nordrhein-Westfalen,Kreis Lippe
4377,20050728,20210308,518,50.3518,10.0034,Sandberg,Bayern,Landkreis Rhön-Grabfeld
4393,19991203,20210307,5,54.3279,8.6031,Sankt Peter-Ording,Schleswig-Holstein,Nordfriesland
4411,20011102,20210308,155,49.9195,8.9671,Schaafheim-Schlierbach,Hessen,Landkreis Darmstadt-Dieburg
4445,19911113,20210308,609,51.7658,10.6533,Wernigerode-Schierke,Sachsen-Anhalt,Landkreis Harz
4464,19911101,20210307,501,50.5679,11.8041,Schleiz,Thüringen,Saale-Orla-Kreis
4466,19910418,20210307,43,54.5275,9.5487,Schleswig,Schleswig-Holstein,Schleswig-Flensburg
4480,20021001,20210308,230,50.3447,9.5534,Schlüchtern-Herolz,Hessen,Main-Kinzig-Kreis
4485,20050201,20170228,296,50.725,10.4539,"Schmalkalden, Kurort",Thüringen,Landkreis Schmalkalden-Meiningen
4501,19921006,20210307,937,50.6546,10.7693,Schmücke,Thüringen,Suhl
4508,20030715,20210308,649,50.2968,6.4194,Schneifelforsthaus,Rheinland-Pfalz,Eifelkreis Bitburg-Prüm
4548,20070701,20210308,608,50.1847,12.0791,Schönwald/Ofr.-Brunn,Bayern,Landkreis Wunsiedel im Fichtelgebirge
4559,20041214,20210308,398,49.1644,12.6175,Schorndorf-Knöbling,Bayern,Landkreis Cham
4560,20040901,20210308,265,50.4925,9.1226,Schotten,Hessen,Vogelsbergkreis
4592,20050929,20210307,356,49.3278,12.0871,Schwandorf,Bayern,Landkreis Schwandorf
4605,20030620,20210308,277,50.6441,11.1936,Schwarzburg,Thüringen,Landkreis Saalfeld-Rudolstadt
4625,19911102,20210307,59,53.6425,11.3872,Schwerin,Mecklenburg-Vorpommern,Schwerin
4642,19911102,20210307,21,52.8911,11.7297,Seehausen,Sachsen-Anhalt,Stendal
4651,20041014,20210308,186,51.904,10.1885,Seesen,Niedersachsen,Landkreis Goslar
4692,20080301,20181130,229,50.8534,7.9966,Siegen (Kläranlage),Nordrhein-Westfalen,Kreis Siegen-Wittgenstein
4703,20020902,20210308,581,48.0719,9.1943,Sigmaringen-Laiz,Baden-Württemberg,Landkreis Sigmaringen
4704,20050118,20210307,507,47.5776,9.7404,Sigmarszell-Zeisertsweiler,Bayern,Landkreis Lindau
4706,20050101,20210308,358,48.2718,13.0273,Simbach/Inn,Bayern,Landkreis Rottal-Inn
4709,20111005,20210308,445,49.9996,7.5981,Simmern-Wahlbach,Rheinland-Pfalz,Rhein-Hunsrück-Kreis
4745,19921028,20210307,75,52.9604,9.793,Soltau,Niedersachsen,Heidekreis
4748,20040622,20101231,221,51.352,10.9059,Sondershausen,Thüringen,Kyffhäuserkreis
4752,19911102,20080630,626,50.3746,11.1828,Sonneberg-Neufang,Thüringen,Landkreis Sonneberg
4763,20030520,20210308,265,51.0607,9.9266,Sontra,Hessen,Werra-Meißner-Kreis
4813,20200801,20210308,318,50.0806,11.0466,"Staffelstein, Bad-Stublang",Bayern,Landkreis Lichtenfels
4841,20040512,20210308,1,53.6946,8.8735,"Steinau, Kr. Cuxhaven",Niedersachsen,Landkreis Cuxhaven
4857,20040728,20210307,1,53.5534,9.6097,Mittelnkirchen-Hohenfelde,Niedersachsen,Stade
4878,20050201,20210308,504,51.6646,10.8811,Oberharz am Brocken-Stiege,Sachsen-Anhalt,Landkreis Harz
4887,19941203,20210307,734,48.6656,9.8648,Stötten,Baden-Württemberg,Landkreis Göppingen
4896,20050518,20210308,40,54.6654,9.805,Wagersrott,Schleswig-Holstein,Schleswig-Flensburg
4911,19961025,20210307,351,48.8275,12.5597,Straubing,Bayern,Landkreis Straubing-Bogen
4926,20020621,20130513,224,48.7896,9.2167,Stuttgart (Neckartal),Baden-Württemberg,Stuttgart
4928,19980605,20210307,314,48.8281,9.2,Stuttgart (Schnarrenberg),Baden-Württemberg,Stuttgart
4931,19950930,20210307,371,48.6883,9.2235,Stuttgart-Echterdingen,Baden-Württemberg,Landkreis Esslingen
4978,20021101,20210308,395,50.639,10.0228,Tann/Rhön,Hessen,Landkreis Fulda
4997,20041015,20210308,196,50.9771,12.3419,Starkenberg-Tegkwitz,Thüringen,Altenburger Land
5009,19911101,20210308,38,53.761,12.5574,Teterow,Mecklenburg-Vorpommern,Landkreis Rostock
5014,20040512,20210308,7,53.2758,8.9857,Worpswede-Hüttenbusch,Niedersachsen,Landkreis Osterholz
5017,20050801,20210308,633,50.4002,11.3888,Teuschnitz,Bayern,Landkreis Kronach
5029,19931111,20210307,386,49.4737,7.0385,Tholey,Saarland,Landkreis St. Wendel
5046,20080301,20210308,501,49.8576,12.3542,Tirschenreuth-Lodermühl,Bayern,Landkreis Tirschenreuth
5064,20041201,20210308,37,51.2897,6.4437,Tönisvorst,Nordrhein-Westfalen,Kreis Viersen
5097,20041123,20210308,10,54.0661,12.7675,Tribsees,Mecklenburg-Vorpommern,Vorpommern-Rügen
5099,20080601,20210308,132,49.7326,6.6131,Trier-Zewen,Rheinland-Pfalz,Trier
5100,20001019,20210307,265,49.7479,6.6583,Trier-Petrisberg,Rheinland-Pfalz,Trier
5109,20131001,20210307,69,53.5997,13.3039,Trollenhagen,Mecklenburg-Vorpommern,Mecklenburgische Seenplatte
5111,20051220,20210308,560,48.0311,12.5396,Trostberg,Bayern,Landkreis Traunstein
5133,20040727,20210308,295,51.3344,8.9132,Twistetal-Mühlhausen,Hessen,Landkreis Waldeck-Frankenberg
5142,19920817,20210307,1,53.7444,14.0697,Ueckermünde,Mecklenburg-Vorpommern,Vorpommern-Greifswald
5146,20040601,20210308,50,52.9414,10.5289,Uelzen,Niedersachsen,Uelzen
5149,20050101,20210308,306,49.5741,10.1915,Gollhofen,Bayern,Landkreis Neustadt an der Aisch-Bad Windsheim
5155,19911207,20140831,567,48.3837,9.9524,Ulm,Baden-Württemberg,Ulm
5158,19911106,20210307,162,52.1601,11.1759,Ummendorf,Sachsen-Anhalt,Börde
5229,20030415,20210308,719,48.0453,8.4608,Villingen-Schwenningen,Baden-Württemberg,Schwarzwald-Baar-Kreis
5275,20030314,20210308,105,49.2445,8.5374,Waghäusel-Kirrlach,Baden-Württemberg,Landkreis Karlsruhe
5279,20040602,20210308,176,51.6194,9.5749,Wesertal-Lippoldsberg,Hessen,Landkreis Kassel
5280,20070217,20210308,35,53.9224,10.2267,Wittenborn,Schleswig-Holstein,Segeberg
5300,20040701,20210308,380,50.2596,8.3607,Waldems-Reinborn,Hessen,Rheingau-Taunus-Kreis
5335,20060801,20210308,348,50.8963,10.5484,Waltershausen,Thüringen,Landkreis Gotha
5347,20060928,20210307,236,51.5039,9.1118,Warburg,Nordrhein-Westfalen,Kreis Höxter
5349,19940609,20210307,73,53.5196,12.6654,Waren (Müritz),Mecklenburg-Vorpommern,Mecklenburgische Seenplatte
5371,19961024,20210307,921,50.4973,9.9427,Wasserkuppe,Hessen,Landkreis Fulda
5397,19910705,20210307,440,49.6662,12.1844,Weiden,Bayern,Weiden in der Oberpfalz
5404,19970102,20210307,477,48.4024,11.6946,Weihenstephan-Dürnast,Bayern,Landkreis Freising
5419,19950711,20070630,264,50.9751,11.3076,Weimar,Thüringen,Weimar
5424,20070601,20210308,328,51.0177,11.3544,Weimar-Schöndorf,Thüringen,Weimar
5426,19931028,20210307,553,49.3758,8.1212,Weinbiet,Rheinland-Pfalz,Neustadt an der Weinstraße
5433,20030515,20210307,380,49.5534,6.812,Weiskirchen/Saar,Saarland,Landkreis Merzig-Wadern
5440,19930415,20210307,439,49.0115,10.9308,Weißenburg-Emetzheim,Bayern,Landkreis Weißenburg-Gunzenhausen
5467,19910102,20120921,1832,47.7035,12.0119,Wendelstein,Bayern,Landkreis Rosenheim
5480,20030910,20210307,85,51.5763,7.8879,Werl,Nordrhein-Westfalen,Kreis Soest
5490,19911101,20210307,233,51.8454,10.7686,Wernigerode,Sachsen-Anhalt,Landkreis Harz
5516,19960801,20210307,3,54.5283,11.0606,Fehmarn,Schleswig-Holstein,Ostholstein
5538,20041117,20210308,551,47.8827,11.1576,Wielenbach (Demollstr.),Bayern,Landkreis Weilheim-Schongau
5541,20040712,20210308,263,50.132,8.317,Wiesbaden-Auringen,Hessen,Wiesbaden
5546,19911014,20210307,187,52.1207,12.4585,Wiesenburg,Brandenburg,Potsdam-Mittelmark
5562,20040601,20210307,570,48.6516,8.6801,Neubulach-Oberhaugstett,Baden-Württemberg,Landkreis Calw
5629,19920417,20210307,105,51.8892,12.6445,Wittenberg,Sachsen-Anhalt,Wittenberg
5643,20040924,20210307,66,53.1864,12.4949,Wittstock-Rote Mühle,Brandenburg,Ostprignitz-Ruppin
5664,20030325,20210308,296,48.2953,8.2391,Wolfach,Baden-Württemberg,Ortenaukreis
5676,20100720,20210308,82,52.3962,10.6892,Wolfsburg (Südwest),Niedersachsen,Wolfsburg
5688,20181101,20210308,880,47.7003,8.1057,Dachsberg-Wolpadingen,Baden-Württemberg,Landkreis Waldshut
5692,20040901,20210307,88,49.6051,8.3659,Worms,Rheinland-Pfalz,Worms
5705,19921027,20210307,268,49.7704,9.9576,Würzburg,Bayern,Würzburg
5717,20060706,20210308,134,51.2256,7.1052,Wuppertal-Buchenhofen,Nordrhein-Westfalen,Wuppertal
5719,20041001,20091210,235,51.2051,7.2,Remscheid,Nordrhein-Westfalen,Remscheid
5731,20030716,20210308,398,47.6783,8.3801,Wutöschingen-Ofteringen,Baden-Württemberg,Landkreis Waldshut
5745,20040420,20210308,51,52.9664,13.3268,Zehdenick,Brandenburg,Oberhavel
5750,20041201,20210308,264,51.0314,12.1495,Zeitz,Sachsen-Anhalt,Burgenlandkreis
5779,19911102,20210307,877,50.7314,13.7516,Zinnwald-Georgenfeld,Sachsen,Sächsische Schweiz-Osterzgebirge
5792,19940731,20210307,2965,47.421,10.9848,Zugspitze,Bayern,Landkreis Garmisch-Partenkirchen
5797,20051201,20210308,349,50.6879,12.4329,Lichtentanne,Sachsen,Zwickau
5800,20060712,20210307,615,49.028,13.2385,Zwiesel,Bayern,Landkreis Regen
5822,20040701,20210307,40,52.863,8.6988,Bassum,Niedersachsen,Landkreis Diepholz
5825,20030108,20210307,40,52.6198,12.7867,Berge,Brandenburg,Havelland
5839,19970710,20210307,0,53.3881,7.2287,Emden,Niedersachsen,Emden
5856,19970103,20210307,476,48.5451,13.3532,Fürstenzell,Bayern,Landkreis Passau
5871,19981223,20210307,497,49.9463,7.2645,Hahn,Rheinland-Pfalz,Rhein-Hunsrück-Kreis
5906,19930715,20210307,98,49.5062,8.5585,Mannheim,Baden-Württemberg,Mannheim
5930,20070928,20210307,1,54.641,10.0238,Schönhagen (Ostseebad),Schleswig-Holstein,Rendsburg-Eckernförde
5941,20070301,20210308,686,47.6754,12.4698,Reit im Winkl,Bayern,Landkreis Traunstein
6093,20040501,20210308,62,53.2139,10.4704,Wendisch Evern,Niedersachsen,Lüneburg
6105,20030710,20210308,14,54.3194,9.8051,Ostenfeld (Rendsburg),Schleswig-Holstein,Rendsburg-Eckernförde
6109,20040601,20210308,50,53.3837,14.3728,Grambow-Schwennenz,Mecklenburg-Vorpommern,Vorpommern-Greifswald
6129,20040916,20210308,291,51.0593,14.4266,Sohland/Spree,Sachsen,Bautzen
6157,20070822,20210308,8,53.641,8.0808,Wangerland-Hooksiel,Niedersachsen,Landkreis Friesland
6158,20040928,20210308,455,49.2247,10.6084,Weidenbach-Weiherschneidbach,Bayern,Landkreis Ansbach
6159,20081201,20210308,8,52.9542,7.3196,Dörpen,Niedersachsen,Landkreis Emsland
6163,20061116,20210307,27,54.1654,10.3519,Dörnick,Schleswig-Holstein,Plön
6170,20030312,20210308,40,52.0192,14.7254,Coschen,Brandenburg,Oder-Spree
6182,20040331,20120327,404,48.7757,12.1743,Mallersdorf-Pfaffenberg,Bayern,Landkreis Straubing-Bogen
6186,20030709,20190527,268,50.1989,7.8651,Nastätten,Rheinland-Pfalz,Rhein-Lahn-Kreis
6197,20060928,20210307,258,51.8664,9.271,Lügde-Paenbruch,Nordrhein-Westfalen,Kreis Lippe
6199,20040825,20210308,16,54.2484,13.0418,Steinhagen-Negast,Mecklenburg-Vorpommern,Vorpommern-Rügen
6217,20040720,20210308,190,49.2406,6.9351,Saarbrücken-Burbach,Saarland,Regionalverband Saarbrücken
6258,20030101,20210307,461,47.6845,9.4409,Friedrichshafen-Unterraderach,Baden-Württemberg,Bodenseekreis
6259,20040601,20210308,524,49.021,9.6033,Großerlach-Mannenweiler,Baden-Württemberg,Rems-Murr-Kreis
6260,20021201,20210308,385,49.3328,9.704,Ingelfingen-Stachenhausen,Baden-Württemberg,Hohenlohekreis
6262,20021101,20210308,413,48.7695,9.8737,Schwäbisch Gmünd-Weiler,Baden-Württemberg,Ostalbkreis
6263,20040701,20210308,445,47.7738,8.8219,Singen,Baden-Württemberg,Landkreis Konstanz
6264,20040601,20210308,457,51.414,8.65,Brilon-Thülen,Nordrhein-Westfalen,Hochsauerlandkreis
6265,20040501,20210308,36,52.3613,12.3867,Wusterwitz,Brandenburg,Potsdam-Mittelmark
6266,20040901,20210308,112,52.0304,10.9626,Huy-Pabstorf,Sachsen-Anhalt,Landkreis Harz
6272,20041001,20210308,283,50.8426,10.2518,Moorgrund Gräfen-Nitzendorf,Thüringen,Wartburgkreis
6273,20040601,20210308,36,52.5075,11.8551,Demker,Sachsen-Anhalt,Stendal
6275,20040701,20210308,325,48.6705,9.4627,Notzingen,Baden-Württemberg,Landkreis Esslingen
6305,20041201,20210308,193,51.2061,10.4978,Mühlhausen/Thüringen-Görmar,Thüringen,Unstrut-Hainich-Kreis
6310,20040801,20210308,1,54.1049,13.8239,Karlshagen,Mecklenburg-Vorpommern,Vorpommern-Greifswald
6312,20041101,20200930,362,49.5314,10.6418,Markt Erlbach-Mosbach,Bayern,Landkreis Neustadt an der Aisch-Bad Windsheim
6314,20050801,20210308,306,51.0507,13.3003,Nossen,Sachsen,Meißen
6336,20051101,20210308,288,50.0132,9.654,Lohr/Main-Halsbach,Bayern,Landkreis Main-Spessart
6337,20040801,20210308,59,51.7663,7.5194,Lüdinghausen-Brochtrup,Nordrhein-Westfalen,Kreis Coesfeld
6344,20041201,20210308,168,50.394,8.1423,Runkel-Ennerich,Hessen,Landkreis Limburg-Weilburg
6346,20050201,20210308,531,48.207,11.2035,Maisach-Galgen,Bayern,Landkreis Fürstenfeldbruck
6347,20050301,20210307,304,50.0579,10.2972,Schonungen-Mainberg,Bayern,Landkreis Schweinfurt
7075,20050201,20210307,429,48.702,11.8493,Elsendorf-Horneck,Bayern,Landkreis Kelheim
7099,20041101,20210307,187,52.0111,10.3966,Liebenburg-Othfresen,Niedersachsen,Landkreis Goslar
7105,20050601,20210308,719,47.835,12.6548,Siegsdorf-Höll,Bayern,Landkreis Traunstein
7106,20060901,20210308,105,52.0714,8.4565,Bielefeld-Deppendorf,Nordrhein-Westfalen,Bielefeld
7187,20041201,20210308,193,49.7636,9.4063,Freudenberg/Main-Boxtal,Baden-Württemberg,Main-Tauber-Kreis
7244,19911101,20040930,62,53.1424,13.0319,Neuglobsow (HM),Brandenburg,Oberhavel
7298,20050701,20210307,5,54.5268,9.0425,Hattstedt,Schleswig-Holstein,Nordfriesland
7319,20050301,20210308,435,48.7374,10.7393,Donauwörth-Osterweiler,Bayern,Landkreis Donau-Ries
7321,20050901,20210307,160,51.1507,11.3321,Olbersleben,Thüringen,Landkreis Sömmerda
7329,20051101,20210307,465,50.5467,12.2863,Treuen,Sachsen,Vogtlandkreis
7330,20051001,20210308,159,51.4633,7.978,Arnsberg-Neheim,Nordrhein-Westfalen,Hochsauerlandkreis
7331,20050901,20210308,467,48.6099,10.2674,Hermaringen-Allewind,Baden-Württemberg,Landkreis Heidenheim
7341,20050715,20210307,119,50.0899,8.7862,Offenbach-Wetterpark,Hessen,Offenbach am Main
7343,20060401,20210308,689,50.62,13.4817,Deutschneudorf-Brüderwiese,Sachsen,Erzgebirgskreis
7350,20060801,20210308,585,49.1088,12.8231,Prackenbach-Neuhäusl,Bayern,Landkreis Regen
7351,20050909,20210307,116,53.3175,13.4175,Feldberg/Mecklenburg,Mecklenburg-Vorpommern,Mecklenburgische Seenplatte
7364,20070101,20210308,74,51.6818,12.3053,Jeßnitz,Sachsen-Anhalt,Anhalt-Bitterfeld
7367,20071201,20210307,144,51.9643,9.8072,Alfeld,Niedersachsen,Landkreis Hildesheim
7368,20071101,20210307,312,51.0007,10.3621,Eisenach,Thüringen,Wutha-Farnroda
7369,20071101,20210307,475,49.1623,10.3661,Feuchtwangen-Heilbronn,Bayern,Landkreis Ansbach
7370,20061211,20210307,499,49.391,12.6838,Waldmünchen,Bayern,Landkreis Cham
7373,20060301,20210308,3,53.5984,6.7024,Borkum-Flugplatz,Niedersachsen,Landkreis Leer
7374,20060301,20210307,46,52.0813,6.9409,Ahaus,Nordrhein-Westfalen,Kreis Borken
7389,20061201,20210308,82,52.7461,13.8427,Heckelberg,Brandenburg,Märkisch-Oderland
7393,20100101,20210307,116,51.4493,14.2533,Hoyerswerda,Sachsen,Bautzen
7394,20060602,20210307,622,50.0315,11.9745,Wunsiedel-Schönbrunn,Bayern,Landkreis Wunsiedel im Fichtelgebirge
7395,20071201,20210307,351,48.6595,12.5388,Gottfrieding,Bayern,Landkreis Dingolfing-Landau
7396,20080501,20210307,743,50.5084,9.2246,Hoherodskopf/Vogelsberg,Hessen,Vogelsbergkreis
7403,20070330,20210307,672,47.7955,10.0324,Leutkirch-Herlazhofen,Baden-Württemberg,Landkreis Ravensburg
7410,20110201,20210307,350,50.7513,9.0224,Neu-Ulrichstein,Hessen,Vogelsbergkreis
7412,20061001,20210307,340,50.0083,9.4238,Neuhütten/Spessart,Bayern,Landkreis Main-Spessart
7419,20061201,20210308,389,50.661,12.0756,Langenwetzendorf-Göttendorf,Thüringen,Greiz
7420,20070401,20210308,246,51.1044,11.7112,Naumburg/Saale-Kreipitzsch,Sachsen-Anhalt,Burgenlandkreis
7424,20061201,20210308,457,47.7724,12.9073,Piding,Bayern,Landkreis Berchtesgadener Land
7427,20070901,20210308,17,54.0188,9.9255,Padenstedt (Pony-Park),Schleswig-Holstein,Rendsburg-Eckernförde
7428,20070501,20210308,397,50.4167,10.8156,Veilsdorf,Thüringen,Landkreis Hildburghausen
7431,20071101,20210308,604,48.013,11.5524,Oberhaching-Laufzorn,Bayern,Landkreis München
7432,20070501,20210308,72,52.6423,10.6627,Wittingen-Vorhop,Niedersachsen,Gifhorn
13670,20070601,20210307,24,51.5088,6.7018,Duisburg-Baerl,Nordrhein-Westfalen,Duisburg
13674,20070801,20210307,237,49.2943,8.9053,Waibstadt,Baden-Württemberg,Rhein-Neckar-Kreis
13675,20071101,20210307,77,52.0818,9.4077,Hameln-Hastenbeck,Niedersachsen,Landkreis Hameln-Pyrmont
13696,20071201,20210308,60,51.5966,7.4048,Waltrop-Abdinghof,Nordrhein-Westfalen,Kreis Recklinghausen
13700,20080501,20210308,205,51.3329,7.3411,Gevelsberg-Oberbröking,Nordrhein-Westfalen,Ennepe-Ruhr-Kreis
13710,20080401,20210308,490,48.5734,12.2576,Landshut-Reithof,Bayern,Landshut
13711,20071201,20210307,289,50.682,11.515,Krölpa-Rockendorf,Thüringen,Saale-Orla-Kreis
13713,20071101,20210308,386,51.0899,7.6289,Meinerzhagen-Redlendorf,Nordrhein-Westfalen,Märkischer Kreis
13776,20080301,20101231,85,52.1789,9.9524,Hildesheim-Drispenstedt,Niedersachsen,Landkreis Hildesheim
13777,20080601,20210308,110,52.2467,10.9592,Helmstedt-Emmerstedt,Niedersachsen,Landkreis Helmstedt
13965,20081201,20210308,619,48.2639,8.8134,Balingen-Bronnhaupten,Baden-Württemberg,Zollernalbkreis
15000,20110401,20210307,231,50.7983,6.0244,Aachen-Orsbach,Nordrhein-Westfalen,Städteregion Aachen
15207,20131101,20210307,317,51.2835,9.359,Schauenburg-Elgershausen,Hessen,Landkreis Kassel
15444,20140901,20210307,593,48.4418,9.9216,Ulm-Mähringen,Baden-Württemberg,Alb-Donau-Kreis
15555,20160501,20210308,815,47.8761,10.5849,Kaufbeuren-Oberbeuren,Bayern,Kaufbeuren
19171,20200901,20210308,13,54.0038,9.8553,Hasenkrug-Hardebek,Schleswig-Holstein,Segeberg
19172,20200901,20210308,48,54.0246,9.388,Wacken,Schleswig-Holstein,Steinburg
